genome	name1	name2	coverage_overlap	compared_bases_count	consensus_SNPs	population_SNPs	popANI	conANI	percent_compared
TOBG_MED-1001.fna	ERR599092.OGdb.sorted.bam	ERR599140.OGdb.sorted.bam	0.5704699610781978	830440	2167	0	1.0	0.9973905399547228	0.5472353229185268
TOBG_MED-630.fna	ERR599092.OGdb.sorted.bam	ERR599140.OGdb.sorted.bam	0.979955890616782	1254917	2723	0	1.0	0.9978301353794713	0.9763262187768896
TOBG_MED-713.fna	ERR599092.OGdb.sorted.bam	ERR599140.OGdb.sorted.bam	0.9903825000413966	1028663	98	0	1.0	0.9999047307038359	0.9873464984268309
TOBG_MED-731.fna	ERR599092.OGdb.sorted.bam	ERR599140.OGdb.sorted.bam	0.8271054311511568	894722	1212	0	1.0	0.9986453892941047	0.8169678973386877
TOBG_MED-746.fna	ERR599092.OGdb.sorted.bam	ERR599140.OGdb.sorted.bam	0.867160416973457	1389091	840	0	1.0	0.9993952879976906	0.8297127613886893
TOBG_MED-828.fna	ERR599092.OGdb.sorted.bam	ERR599140.OGdb.sorted.bam	0.8672615721421963	1827421	8589	2	0.9999989055614442	0.9952999336223016	0.8551846553351556
TOBG_NAT-154.fna	ERR599092.OGdb.sorted.bam	ERR599140.OGdb.sorted.bam	0.8007662729810233	1369369	1839	0	1.0	0.9986570456903874	0.6991656182859384
